{
  "name": "Firebase",
  "version": "1.2.3",
  "summary": "The Firebase iOS framework for adding realtime data synchronization to your app.",
  "homepage": "https://www.firebase.com/",
  "license": {
    "type": "Commercial",
    "text": "https://www.firebase.com/terms/terms-of-service.html"
  },
  "authors": {
    "Firebase": "support@firebase.com"
  },
  "source": {
    "http": "https://cdn.firebase.com/ObjC/Firebase.framework-1.2.3.zip"
  },
  "platforms": {
    "ios": "6.0",
    "osx": "10.7"
  },
  "preserve_paths": "Firebase.framework",
  "frameworks": [
    "CFNetwork",
    "Security",
    "Firebase",
    "SystemConfiguration"
  ],
  "libraries": [
    "icucore",
    "c++"
  ],
  "requires_arc": true,
  "xcconfig": {
    "OTHER_LDFLAGS": "-ObjC",
    "FRAMEWORK_SEARCH_PATHS": "\"$(PODS_ROOT)/Firebase\""
  }
}
